user_id,name,email
200039,Alice,alice@abc.com
960798,Bob,bob@abc.com
443187,Charlie,charlie@abc.com
760820,David,david@abc.com
933362,Eve,eve@abc.com
364457,Frank,frank@abc.com
235016,Grace,grace@abc.com
641250,Hank,hank@abc.com
974650,Ivy,ivy@abc.com
710144,Jack,jack@abc.com
570979,Karen,karen@abc.com
795430,Leo,leo@abc.com
594346,Mona,mona@abc.com
377629,Nina,nina@abc.com
